-- 互助青稞酒系统：模拟真实生产数据（中文）
-- 导入方式：mysql -uroot -p123456 barley_wine_system < backend/mock_production_data.sql

SET NAMES utf8mb4;
USE barley_wine_system;

SET FOREIGN_KEY_CHECKS = 0;

-- 1) 清空业务数据（保留表结构）
DELETE FROM trace_record;
DELETE FROM notice;
DELETE FROM document_file;
DELETE FROM task_item;
DELETE FROM delivery;
DELETE FROM `order`;
DELETE FROM customer;
DELETE FROM quality_control;
DELETE FROM production_process;
DELETE FROM inventory;
DELETE FROM purchase;
DELETE FROM planting_base;
DELETE FROM role_permission;
DELETE FROM permission;
DELETE FROM user;
DELETE FROM role;

-- 2) 基础权限与角色
INSERT INTO role (id, role_name, description) VALUES
(1, 'admin', '系统管理员'),
(2, 'planting_manager', '种植管理员'),
(3, 'purchase_manager', '采购管理员'),
(4, 'production_manager', '生产管理员'),
(5, 'quality_manager', '质检管理员'),
(6, 'sales_manager', '销售管理员'),
(7, 'logistics_manager', '物流管理员');

INSERT INTO permission (id, permission_name, permission_code, url, parent_id, type, sort) VALUES
(1, '用户管理', 'system:user', '/users', 0, 1, 1),
(2, '角色管理', 'system:role', '/roles', 0, 1, 2),
(3, '权限管理', 'system:permission', '/permissions', 0, 1, 3),
(4, '青稞种植管理', 'supply:planting', '/planting-bases', 0, 1, 4),
(5, '原料采购管理', 'supply:purchase', '/purchases', 0, 1, 5),
(6, '库存管理', 'supply:inventory', '/inventories', 0, 1, 6),
(7, '生产流程管理', 'production:process', '/production-processes', 0, 1, 7),
(8, '质量管理', 'production:quality', '/quality-controls', 0, 1, 8),
(9, '订单管理', 'sales:order', '/orders', 0, 1, 9),
(10, '配送管理', 'sales:delivery', '/deliveries', 0, 1, 10),
(11, '客户管理', 'sales:customer', '/customers', 0, 1, 11),
(12, '任务管理', 'collab:task', '/tasks', 0, 1, 12),
(13, '文档管理', 'collab:document', '/documents', 0, 1, 13),
(14, '通知公告', 'collab:notice', '/notices', 0, 1, 14),
(15, '质量追溯', 'trace:record', '/trace-records', 0, 1, 15),
(16, '数据分析', 'analysis:view', '/analysis', 0, 1, 16);

-- 管理员拥有全部权限
INSERT INTO role_permission (role_id, permission_id)
SELECT 1, id FROM permission;

-- 业务角色按模块授权
INSERT INTO role_permission (role_id, permission_id) VALUES
(2, 4), (2, 6), (2, 12),
(3, 5), (3, 6), (3, 12),
(4, 7), (4, 6), (4, 12),
(5, 8), (5, 15), (5, 12),
(6, 9), (6, 10), (6, 11), (6, 16),
(7, 10), (7, 12);

-- 3) 用户
INSERT INTO user (username, password, real_name, phone, email, role_id, status) VALUES
('admin', '123456', '系统管理员', '13800000001', 'admin@huzhu.com', 1, 1),
('zhongzhi', '123456', '马文忠', '13800000002', 'zhongzhi@huzhu.com', 2, 1),
('caigou', '123456', '赵海军', '13800000003', 'caigou@huzhu.com', 3, 1),
('shengchan', '123456', '李永福', '13800000004', 'shengchan@huzhu.com', 4, 1),
('zhijian', '123456', '韩晓梅', '13800000005', 'zhijian@huzhu.com', 5, 1),
('xiaoshou', '123456', '周建国', '13800000006', 'xiaoshou@huzhu.com', 6, 1),
('wuliu', '123456', '王青山', '13800000007', 'wuliu@huzhu.com', 7, 1);

-- 4) 种植基地（互助县真实地名风格）
INSERT INTO planting_base (base_name, location, area, soil_type, climate, manager, contact_phone, status) VALUES
('威远镇青稞示范基地', '青海省海东市互助县威远镇', 3200.00, '砂壤土', '高原大陆性气候', '马文忠', '0972-8711001', 1),
('丹麻镇有机青稞基地', '青海省海东市互助县丹麻镇', 2680.00, '壤土', '高寒半干旱气候', '赵成林', '0972-8711002', 1),
('东沟乡生态种植基地', '青海省海东市互助县东沟乡', 1950.00, '黑钙土', '高原冷凉气候', '王青山', '0972-8711003', 1),
('台子乡高海拔试验田', '青海省海东市互助县台子乡', 860.00, '砂壤土', '高原大陆性气候', '韩晓梅', '0972-8711004', 1),
('林川乡青稞新品种基地', '青海省海东市互助县林川乡', 1420.00, '壤土', '高寒半干旱气候', '李永福', '0972-8711005', 1);

-- 5) 原料采购
INSERT INTO purchase (purchase_no, supplier_name, material_name, quantity, unit, price, total_amount, purchase_date, status, remark) VALUES
('PO20260105001', '青海互助县青稞合作社', '青稞原粮', 420.00, '吨', 3180.00, 1335600.00, '2026-01-05', 1, '冬季储备原粮，水分控制在13%以内'),
('PO20260112002', '青海农资集团海东分公司', '复合肥（有机）', 85.00, '吨', 2260.00, 192100.00, '2026-01-12', 1, '春耕前集中采购'),
('PO20260125003', '西宁净源包装有限公司', '500ml玻璃瓶', 200000.00, '只', 1.18, 236000.00, '2026-01-25', 1, '酒瓶包装物料'),
('PO20260203004', '互助县青稞合作社', '青稞原粮', 360.00, '吨', 3250.00, 1170000.00, '2026-02-03', 1, '分批入库，批次质检合格'),
('PO20260210005', '海东纸箱制造厂', '外包装纸箱', 48000.00, '个', 2.65, 127200.00, '2026-02-10', 1, '适配500ml与750ml规格'),
('PO20260218006', '青海清源过滤材料公司', '食品级过滤介质', 16.00, '吨', 9650.00, 154400.00, '2026-02-18', 1, '用于澄清过滤工序'),
('PO20260222007', '青海高原酵母科技', '专用酵母', 2.40, '吨', 48500.00, 116400.00, '2026-02-22', 1, '低温发酵稳定菌株'),
('PO20260225008', '西宁净源包装有限公司', '防伪二维码标签', 220000.00, '张', 0.16, 35200.00, '2026-02-25', 1, '追溯系统专用标签');

-- 6) 库存
INSERT INTO inventory (product_name, product_code, category, quantity, unit, price, total_value, warehouse, status) VALUES
('青稞原粮', 'RM-BARLEY-2026A', '原料', 685.00, '吨', 3210.00, 2198850.00, '一号原料库', 1),
('专用酵母', 'RM-YEAST-2026A', '原料', 1.70, '吨', 48500.00, 82450.00, '恒温原料库', 1),
('食品级过滤介质', 'RM-FILTER-2026A', '原料', 11.20, '吨', 9650.00, 108080.00, '二号原料库', 1),
('500ml青稞酒（42度）', 'FG-QKJ-500-42', '成品', 38600.00, '瓶', 26.50, 1022900.00, '成品仓A区', 1),
('500ml青稞酒（52度）', 'FG-QKJ-500-52', '成品', 29500.00, '瓶', 31.80, 938100.00, '成品仓A区', 1),
('750ml青稞酒（52度）', 'FG-QKJ-750-52', '成品', 16200.00, '瓶', 46.00, 745200.00, '成品仓B区', 1),
('礼盒装青稞酒（双瓶）', 'FG-GIFT-2X500', '成品', 5200.00, '盒', 88.00, 457600.00, '成品仓C区', 1),
('防伪二维码标签', 'PK-QR-2026A', '包装', 175000.00, '张', 0.16, 28000.00, '包装辅料库', 1);

-- 7) 生产流程
INSERT INTO production_process (process_no, product_name, batch_no, quantity, unit, start_date, end_date, status, operator, remark) VALUES
('PP20260108001', '500ml青稞酒（42度）', 'B26010801', 12000.00, '瓶', '2026-01-08', '2026-01-18', '已完成', '李永福', '低温发酵10天，口感偏柔和'),
('PP20260120002', '500ml青稞酒（52度）', 'B26012002', 10000.00, '瓶', '2026-01-20', '2026-01-30', '已完成', '李永福', '蒸馏段加强回流控制'),
('PP20260201003', '750ml青稞酒（52度）', 'B26020103', 6800.00, '瓶', '2026-02-01', '2026-02-12', '已完成', '王成福', '重点控制酒体清亮度'),
('PP20260209004', '500ml青稞酒（42度）', 'B26020904', 13200.00, '瓶', '2026-02-09', '2026-02-20', '已完成', '王成福', '二次过滤后稳定性良好'),
('PP20260215005', '礼盒装青稞酒（双瓶）', 'B26021505', 3600.00, '盒', '2026-02-15', '2026-02-24', '已完成', '韩志宏', '节庆渠道专供'),
('PP20260221006', '500ml青稞酒（52度）', 'B26022106', 12500.00, '瓶', '2026-02-21', '2026-03-03', '进行中', '韩志宏', '当前处于陈酿阶段'),
('PP20260224007', '500ml青稞酒（42度）', 'B26022407', 14000.00, '瓶', '2026-02-24', '2026-03-06', '待投产', '李永福', '计划用于三八节促销');

-- 8) 质量检测
INSERT INTO quality_control (quality_no, product_name, batch_no, test_item, test_result, test_standard, tester, test_date, status, remark) VALUES
('QC20260118001', '500ml青稞酒（42度）', 'B26010801', '酒精度', '42.3%vol', '41.0%vol-43.0%vol', '韩晓梅', '2026-01-18', '合格', '酒精度稳定'),
('QC20260118002', '500ml青稞酒（42度）', 'B26010801', '总酸', '0.56g/L', '≤1.00g/L', '韩晓梅', '2026-01-18', '合格', '酸度正常'),
('QC20260130003', '500ml青稞酒（52度）', 'B26012002', '酒精度', '52.1%vol', '51.0%vol-53.0%vol', '韩晓梅', '2026-01-30', '合格', '与工艺标准一致'),
('QC20260212004', '750ml青稞酒（52度）', 'B26020103', '甲醇', '0.32g/L', '≤0.60g/L', '赵明珠', '2026-02-12', '合格', '风险项目达标'),
('QC20260220005', '500ml青稞酒（42度）', 'B26020904', '总酯', '2.63g/L', '≥2.00g/L', '赵明珠', '2026-02-20', '合格', '香气表现良好'),
('QC20260224006', '礼盒装青稞酒（双瓶）', 'B26021505', '感官评定', '清亮透明、粮香明显', '无悬浮物、无异味', '韩晓梅', '2026-02-24', '合格', '可准予出厂'),
('QC20260301007', '500ml青稞酒（52度）', 'B26022106', '中控抽检', '发酵温度稳定，微生物指标正常', '过程控制标准', '赵明珠', '2026-03-01', '进行中', '待终检');

-- 9) 客户
INSERT INTO customer (customer_name, contact_person, phone, email, address, business_scope, status, remark) VALUES
('青海互助县供销联营公司', '张永强', '0972-8723001', 'gylh@huzhu.com', '青海省海东市互助县威远镇中心街8号', '区域批发与团购渠道', 1, '重点客户，月结30天'),
('西宁市城东区高原商贸', '李春梅', '0971-8211045', 'gaoyuan@xnsm.com', '青海省西宁市城东区建国路66号', '商超供货与电商分销', 1, '促销响应快'),
('兰州河湟酒类贸易有限公司', '王俊林', '0931-4689021', 'hhtrade@lz.com', '甘肃省兰州市城关区南滨河东路128号', '跨省经销', 1, '价格敏感'),
('格尔木昆仑名品商行', '马金花', '0979-8456621', 'kunlun@gem.com', '青海省海西州格尔木市昆仑中路19号', '礼盒渠道', 1, '节庆采购量大'),
('海东市平安区社区团购中心', '韩宝山', '0972-8615520', 'tuangou@haidong.com', '青海省海东市平安区古驿大道22号', '社区团购', 1, '新品试销客户'),
('西宁湟中区农特馆', '赵小玲', '0971-2234545', 'ntg@xnhz.com', '青海省西宁市湟中区鲁沙尔镇团结路9号', '文旅伴手礼', 1, '品牌展示合作');

-- 10) 订单
INSERT INTO `order` (order_no, customer_name, customer_phone, address, total_amount, order_date, status, payment_method, remark) VALUES
('SO20260215001', '青海互助县供销联营公司', '0972-8723001', '互助县威远镇中心街8号', 286000.00, '2026-02-15', '已完成', '银行转账', '42度与52度混合采购'),
('SO20260218002', '西宁市城东区高原商贸', '0971-8211045', '西宁市城东区建国路66号', 168500.00, '2026-02-18', '已发货', '微信对公', '商超陈列促销档期'),
('SO20260220003', '兰州河湟酒类贸易有限公司', '0931-4689021', '兰州市城关区南滨河东路128号', 352000.00, '2026-02-20', '待付款', '银行转账', '跨省整车运输'),
('SO20260222004', '格尔木昆仑名品商行', '0979-8456621', '格尔木市昆仑中路19号', 118800.00, '2026-02-22', '已完成', '支付宝对公', '礼盒装为主'),
('SO20260223005', '海东市平安区社区团购中心', '0972-8615520', '海东市平安区古驿大道22号', 96500.00, '2026-02-23', '已发货', '微信对公', '团购周期补货'),
('SO20260225006', '西宁湟中区农特馆', '0971-2234545', '西宁市湟中区鲁沙尔镇团结路9号', 73400.00, '2026-02-25', '待出库', '现金转账', '文旅门店上新');

-- 11) 配送
INSERT INTO delivery (delivery_no, order_no, customer_name, delivery_company, tracking_no, delivery_date, status, remark) VALUES
('DL20260218001', 'SO20260215001', '青海互助县供销联营公司', '顺丰速运', 'SF9654387201CN', '2026-02-16', '已签收', '到货外箱完好'),
('DL20260218002', 'SO20260218002', '西宁市城东区高原商贸', '京东物流', 'JD6032184509CN', '2026-02-19', '运输中', '预计2月27日送达'),
('DL20260222003', 'SO20260222004', '格尔木昆仑名品商行', '德邦物流', 'DB8829034412CN', '2026-02-23', '已签收', '客户反馈包装满意'),
('DL20260224004', 'SO20260223005', '海东市平安区社区团购中心', '中通快运', 'ZT3318452198CN', '2026-02-24', '运输中', '中转站扫描正常');

-- 12) 协同任务
INSERT INTO task_item (task_title, task_content, assignee, due_date, priority, status) VALUES
('春耕基地巡检复盘', '汇总威远、丹麻两基地土壤墒情与出苗情况，形成周报。', '马文忠', '2026-03-02', '高', '进行中'),
('3月包装物料补货计划', '根据滚动销售预测，输出500ml瓶与礼盒纸箱补货数量。', '赵海军', '2026-03-04', '高', '待开始'),
('B26022106批次中控跟进', '每日记录发酵温度、糖化度与酒体浊度，异常即时上报。', '李永福', '2026-03-03', '高', '进行中'),
('跨省物流时效优化', '对兰州线路做承运商比价，给出降本方案。', '王青山', '2026-03-06', '中', '待开始'),
('三八节活动海报确认', '确认终版海报文案与渠道投放排期。', '周建国', '2026-03-01', '中', '已完成');

-- 13) 文档管理
INSERT INTO document_file (title, file_name, file_url, uploader, version, status) VALUES
('青稞原粮验收标准（2026版）', '青稞原粮验收标准-2026.pdf', '/files/qa/青稞原粮验收标准-2026.pdf', '韩晓梅', 'v1.0', 1),
('发酵工段SOP', '发酵工段SOP.docx', '/files/process/发酵工段SOP.docx', '李永福', 'v2.3', 1),
('订单出库复核清单模板', '订单出库复核清单.xlsx', '/files/sales/订单出库复核清单.xlsx', '周建国', 'v1.4', 1),
('供应商年度评估表', '供应商年度评估表-2026.xlsx', '/files/purchase/供应商年度评估表-2026.xlsx', '赵海军', 'v1.1', 1);

-- 14) 通知公告
INSERT INTO notice (notice_title, notice_content, publisher, is_top, status) VALUES
('三月份生产排期已发布', '请生产、质检、仓储于2月28日前完成班组确认，确保排期可执行。', '系统管理员', 1, 1),
('追溯码粘贴规范提醒', '从3月1日起，成品外箱与单瓶标签需双码一致，请包装线严格执行。', '韩晓梅', 0, 1),
('春季渠道促销政策', '42度500ml执行买十赠一政策，限西宁与海东区域门店。', '周建国', 0, 1);

-- 15) 质量追溯（同一追溯码多阶段记录）
INSERT INTO trace_record (trace_code, product_name, product_code, batch_no, stage, stage_detail, operator, record_time) VALUES
('TR-FG-QKJ-500-52-26012002-0001', '500ml青稞酒（52度）', 'FG-QKJ-500-52', 'B26012002', '原粮入库', '原粮来自PO20260105001，水分12.7%，杂质0.6%，验收通过。', '赵海军', '2026-01-06 10:15:00'),
('TR-FG-QKJ-500-52-26012002-0001', '500ml青稞酒（52度）', 'FG-QKJ-500-52', 'B26012002', '生产投料', '投料批次B26012002，糖化温度控制在63-65℃。', '李永福', '2026-01-20 08:30:00'),
('TR-FG-QKJ-500-52-26012002-0001', '500ml青稞酒（52度）', 'FG-QKJ-500-52', 'B26012002', '质检放行', '酒精度52.1%vol、甲醇与总酸指标均合格。', '韩晓梅', '2026-01-30 16:20:00'),
('TR-FG-QKJ-500-52-26012002-0001', '500ml青稞酒（52度）', 'FG-QKJ-500-52', 'B26012002', '销售出库', '关联订单SO20260215001，出库数量3000瓶。', '周建国', '2026-02-16 09:45:00'),
('TR-FG-QKJ-500-52-26012002-0001', '500ml青稞酒（52度）', 'FG-QKJ-500-52', 'B26012002', '物流签收', '配送单DL20260218001，客户签收完好。', '王青山', '2026-02-17 14:10:00'),

('TR-FG-QKJ-500-42-26020904-0018', '500ml青稞酒（42度）', 'FG-QKJ-500-42', 'B26020904', '原粮入库', '原粮来自PO20260203004，批次抽检蛋白含量达标。', '赵海军', '2026-02-03 11:05:00'),
('TR-FG-QKJ-500-42-26020904-0018', '500ml青稞酒（42度）', 'FG-QKJ-500-42', 'B26020904', '生产投料', '发酵罐F-12，发酵周期11天。', '王成福', '2026-02-09 07:55:00'),
('TR-FG-QKJ-500-42-26020904-0018', '500ml青稞酒（42度）', 'FG-QKJ-500-42', 'B26020904', '质检放行', '总酯2.63g/L，感官评定“粮香突出”。', '赵明珠', '2026-02-20 15:36:00'),
('TR-FG-QKJ-500-42-26020904-0018', '500ml青稞酒（42度）', 'FG-QKJ-500-42', 'B26020904', '销售出库', '关联订单SO20260223005，出库数量1800瓶。', '周建国', '2026-02-24 10:02:00'),
('TR-FG-QKJ-500-42-26020904-0018', '500ml青稞酒（42度）', 'FG-QKJ-500-42', 'B26020904', '物流在途', '配送单DL20260224004，当前位于西宁分拨中心。', '王青山', '2026-02-25 19:20:00');

SET FOREIGN_KEY_CHECKS = 1;
